Nie,Ge,niege,nie.ge@stonybrook.edu
Zhuang,Wei,zhuawei,zhuang.wei@stonybrook.edu
Rong,Duanmu,rongduanmu,rong.duanmu@stonybrook.edu
Yue,Gao,yuegao,yue.gao@stonybrook.edu
Tianming,Jing,tianjing,tianming.jing@stonybrook.edu
Jianli,Gao,jiangao,jianli.gao@stonybrook.edu
Nv,Xue,nvxue,nv.xue@stonybrook.edu
Ban,Mo,banmo,ban.mo@stonybrook.edu
Shaoyu,Xiang,shaoxiang,shaoyu.xiang@stonybrook.edu
Zheng,Ying,zhenying,zheng.ying@stonybrook.edu
Annoymous,lastname,fakenetid,123456789@qq.com